ID,Source,Name,Name Link,Type,Complex Medium,Final PH,min pH,max pH,Tax.range type,Strains number,Strains links,PDF,Last modified,Related media ID for medium,Related media name for medium,Strains with modifications,Cultivation metadata from strains
1,DSMZ,NUTRIENT AGAR,https://mediadive.dsmz.de/medium/1,complex,yes,7.0,7.0,7.0,"['Bacteria', 'Phages']",2305,https://mediadive.dsmz.de/strains/medium/1,https://mediadive.dsmz.de/pdf/1,20.09.22,"['1', 'a', '2', '114', '115', 'a', '118', '238', '241', '258', '302', '306', '362', '366']","['""NUTRIENT AGAR""', '""REACTIVATION WITH LIQUID MEDIUM 1""', '""BACILLUS PASTEURII MEDIUM""', '""PARACOCCUS HALODENITRIFICANS MEDIUM""', '""VIBRIO NATRIEGENS MEDIUM""', '""REACTIVATION WITH LIQUID MEDIUM 115""', '""DAP-NUTRIENT AGAR""', '""STREPTOMYCIN NUTRIENT AGAR""', '""GLUTAMINE MEDIUM""', '""NUTRIENT STARCH AGAR""', '""NUTRIENT BROTH WITH 10% HORSE SERUM""', '""NY-AGAR""', '""FLAVOBACTERIUM TIRRENICUM MEDIUM""', '""NAG MEDIUM""']",183,"[['halophily', 'non-halophilic', '7                                        strains'], ['halophily', 'halotolerant', '1                                        strain'], ['pH', '6 - 8', '146                                        strains'], ['pH', '4 - 6', '95                                        strains'], ['pH', '8 - 10', '83                                        strains'], ['pH', '10 - 12', '17                                        strains'], ['pH', '2 - 4', '3                                        strains'], ['phyla', '10', '2269                                        strains'], ['nutrition', 'chemoorganotroph', '12                                        strains'], ['nutrition', 'chemolithoautotroph', '3                                        strains'], ['nutrition', 'organotroph', '1                                        strain'], ['nutrition', 'chemoheterotroph', '1                                        strain'], ['nutrition', 'chemolithotroph', '1                                        strain'], ['oxygen', 'aerobe', '384                                        strains'], ['oxygen', 'obligate aerobe', '280                                        strains'], ['oxygen', 'facultative anaerobe', '190                                        strains'], ['oxygen', 'anaerobe', '13                                        strains'], ['oxygen', 'microaerophile', '9                                        strains'], ['oxygen', 'facultative aerobe', '4                                        strains'], ['temperature', 'mesophilic', '2118                                        strains'], ['temperature', 'thermophilic', '133                                        strains'], ['temperature', 'psychrophilic', '75                                        strains'], ['temperature', 'hyperthermophilic', '2                                        strains'], ['Show moreShow less']]"
1a,DSMZ,REACTIVATION WITH LIQUID MEDIUM 1,https://mediadive.dsmz.de/medium/1a,complex,yes,7.0,7.0,7.0,['Bacteria'],209,https://mediadive.dsmz.de/strains/medium/1a,https://mediadive.dsmz.de/pdf/1a,22.02.22,"['1', 'a', '2', '114', '115', 'a', '118', '238', '241', '258', '302', '306', '362', '366']","['""NUTRIENT AGAR""', '""REACTIVATION WITH LIQUID MEDIUM 1""', '""BACILLUS PASTEURII MEDIUM""', '""PARACOCCUS HALODENITRIFICANS MEDIUM""', '""VIBRIO NATRIEGENS MEDIUM""', '""REACTIVATION WITH LIQUID MEDIUM 115""', '""DAP-NUTRIENT AGAR""', '""STREPTOMYCIN NUTRIENT AGAR""', '""GLUTAMINE MEDIUM""', '""NUTRIENT STARCH AGAR""', '""NUTRIENT BROTH WITH 10% HORSE SERUM""', '""NY-AGAR""', '""FLAVOBACTERIUM TIRRENICUM MEDIUM""', '""NAG MEDIUM""']",9,"[['pH', '6 - 8', '20                                        strains'], ['pH', '4 - 6', '14                                        strains'], ['pH', '8 - 10', '7                                        strains'], ['phyla', '4', '212                                        strains'], ['nutrition', 'chemoorganotroph', '1                                        strain'], ['oxygen', 'aerobe', '58                                        strains'], ['oxygen', 'obligate aerobe', '45                                        strains'], ['oxygen', 'facultative anaerobe', '24                                        strains'], ['oxygen', 'anaerobe', '4                                        strains'], ['oxygen', 'microaerophile', '1                                        strain'], ['temperature', 'mesophilic', '208                                        strains'], ['temperature', 'psychrophilic', '9                                        strains'], ['temperature', 'thermophilic', '3                                        strains'], ['Show moreShow less']]"
2,DSMZ,BACILLUS PASTEURII MEDIUM,https://mediadive.dsmz.de/medium/2,complex,yes,,,,['Bacteria'],9,https://mediadive.dsmz.de/strains/medium/2,https://mediadive.dsmz.de/pdf/2,04.02.22,"['1', 'a', '2', '114', '115', 'a', '118', '238', '241', '258', '302', '306', '362', '366']","['""NUTRIENT AGAR""', '""REACTIVATION WITH LIQUID MEDIUM 1""', '""BACILLUS PASTEURII MEDIUM""', '""PARACOCCUS HALODENITRIFICANS MEDIUM""', '""VIBRIO NATRIEGENS MEDIUM""', '""REACTIVATION WITH LIQUID MEDIUM 115""', '""DAP-NUTRIENT AGAR""', '""STREPTOMYCIN NUTRIENT AGAR""', '""GLUTAMINE MEDIUM""', '""NUTRIENT STARCH AGAR""', '""NUTRIENT BROTH WITH 10% HORSE SERUM""', '""NY-AGAR""', '""FLAVOBACTERIUM TIRRENICUM MEDIUM""', '""NAG MEDIUM""']",,"[['phyla', '1', '9                                        strains'], ['temperature', 'mesophilic', '9                                        strains']]"
3,DSMZ,AZOTOBACTER MEDIUM,https://mediadive.dsmz.de/medium/3,defined,no,7.3,7.3,7.3,['Bacteria'],40,https://mediadive.dsmz.de/strains/medium/3,https://mediadive.dsmz.de/pdf/3,22.02.22,[],[],,"[['phyla', '1', '40                                        strains'], ['temperature', 'mesophilic', '40                                        strains']]"
6,DSMZ,ALLANTOIN MINERAL MEDIUM,https://mediadive.dsmz.de/medium/6,complex,yes,,,,['Bacteria'],22,https://mediadive.dsmz.de/strains/medium/6,https://mediadive.dsmz.de/pdf/6,30.11.23,[],[],1,"[['phyla', '2', '22                                        strains'], ['temperature', 'mesophilic', '21                                        strains'], ['temperature', 'thermophilic', '1                                        strain']]"
7,DSMZ,ANCYLOBACTER - SPIROSOMA MEDIUM,https://mediadive.dsmz.de/medium/7,complex,yes,7.0,7.0,7.0,['Bacteria'],41,https://mediadive.dsmz.de/strains/medium/7,https://mediadive.dsmz.de/pdf/7,22.02.22,[],[],1,"[['pH', '6 - 8', '3                                        strains'], ['pH', '10 - 12', '2                                        strains'], ['phyla', '3', '41                                        strains'], ['oxygen', 'aerobe', '9                                        strains'], ['oxygen', 'obligate aerobe', '3                                        strains'], ['oxygen', 'microaerophile', '1                                        strain'], ['temperature', 'mesophilic', '41                                        strains'], ['temperature', 'psychrophilic', '2                                        strains'], ['Show moreShow less']]"
8,DSMZ,"BACILLUS ""RACEMILACTICUS"" MEDIUM",https://mediadive.dsmz.de/medium/8,complex,yes,6.8,6.8,6.8,['Bacteria'],7,https://mediadive.dsmz.de/strains/medium/8,https://mediadive.dsmz.de/pdf/8,22.02.22,[],[],,"[['phyla', '1', '7                                        strains'], ['oxygen', 'facultative anaerobe', '2                                        strains'], ['oxygen', 'anaerobe', '1                                        strain'], ['temperature', 'mesophilic', '7                                        strains']]"
9,DSMZ,VY/2 AGAR,https://mediadive.dsmz.de/medium/9,complex,yes,7.2,7.2,7.2,['Bacteria'],2849,https://mediadive.dsmz.de/strains/medium/9,https://mediadive.dsmz.de/pdf/9,22.02.22,"['9', 'a']","['""VY/2 AGAR""', '""VY/2, REDUCED MEDIUM""']",8,"[['pH', '6 - 8', '9                                        strains'], ['pH', '8 - 10', '4                                        strains'], ['pH', '4 - 6', '3                                        strains'], ['phyla', '4', '2854                                        strains'], ['nutrition', 'chemoheterotroph', '3                                        strains'], ['oxygen', 'aerobe', '6                                        strains'], ['oxygen', 'facultative anaerobe', '1                                        strain'], ['oxygen', 'microaerophile', '1                                        strain'], ['temperature', 'mesophilic', '2846                                        strains'], ['Show moreShow less']]"
9a,DSMZ,"VY/2, REDUCED MEDIUM",https://mediadive.dsmz.de/medium/9a,complex,yes,7.2,7.2,7.2,['Bacteria'],4,https://mediadive.dsmz.de/strains/medium/9a,https://mediadive.dsmz.de/pdf/9a,22.02.22,"['9', 'a']","['""VY/2 AGAR""', '""VY/2, REDUCED MEDIUM""']",,"[['phyla', '1', '4                                        strains'], ['temperature', 'mesophilic', '4                                        strains']]"
10,DSMZ,ZYMOMONAS MEDIUM,https://mediadive.dsmz.de/medium/10,complex,yes,,,,['Bacteria'],9,https://mediadive.dsmz.de/strains/medium/10,https://mediadive.dsmz.de/pdf/10,10.11.21,[],[],4,"[['phyla', '1', '9                                        strains'], ['oxygen', 'anaerobe', '4                                        strains'], ['oxygen', 'aerobe', '1                                        strain'], ['oxygen', 'microaerophile', '1                                        strain'], ['temperature', 'mesophilic', '9                                        strains']]"
11,DSMZ,MRS MEDIUM,https://mediadive.dsmz.de/medium/11,complex,yes,6.2 - 6.5,6.2,6.5,['Bacteria'],487,https://mediadive.dsmz.de/strains/medium/11,https://mediadive.dsmz.de/pdf/11,22.02.22,"['11', 'a', 'b', '227', '231']","['""MRS MEDIUM""', '""MODIFIED MEDIUM 11""', '""MRS MEDIUM (pre-reduced)""', '""PEDIOCOCCUS HALOPHILUS MEDIUM""', '""PEDIOCOCCUS DAMNOSUS MEDIUM""']",41,"[['pH', '6 - 8', '35                                        strains'], ['pH', '4 - 6', '21                                        strains'], ['pH', '8 - 10', '14                                        strains'], ['pH', '2 - 4', '11                                        strains'], ['phyla', '5', '481                                        strains'], ['oxygen', 'microaerophile', '205                                        strains'], ['oxygen', 'facultative anaerobe', '181                                        strains'], ['oxygen', 'anaerobe', '143                                        strains'], ['oxygen', 'aerobe', '17                                        strains'], ['oxygen', 'obligate aerobe', '5                                        strains'], ['oxygen', 'obligate anaerobe', '2                                        strains'], ['oxygen', 'facultative aerobe', '1                                        strain'], ['temperature', 'mesophilic', '474                                        strains'], ['temperature', 'psychrophilic', '20                                        strains'], ['temperature', 'thermophilic', '5                                        strains'], ['Show moreShow less']]"
11a,DSMZ,MODIFIED MEDIUM 11,https://mediadive.dsmz.de/medium/11a,complex,yes,,,,['Bacteria'],1,https://mediadive.dsmz.de/strains/medium/11a,https://mediadive.dsmz.de/pdf/11a,10.02.22,"['11', 'a', 'b', '227', '231']","['""MRS MEDIUM""', '""MODIFIED MEDIUM 11""', '""MRS MEDIUM (pre-reduced)""', '""PEDIOCOCCUS HALOPHILUS MEDIUM""', '""PEDIOCOCCUS DAMNOSUS MEDIUM""']",,"[['phyla', '1', '1                                        strain'], ['oxygen', 'aerobe', '1                                        strain'], ['oxygen', 'facultative anaerobe', '1                                        strain'], ['oxygen', 'microaerophile', '1                                        strain'], ['temperature', 'mesophilic', '1                                        strain']]"
11b,DSMZ,MRS MEDIUM (pre-reduced),https://mediadive.dsmz.de/medium/11b,complex,yes,6.2 - 6.5,6.2,6.5,['Bacteria'],28,https://mediadive.dsmz.de/strains/medium/11b,https://mediadive.dsmz.de/pdf/11b,22.02.22,"['11', 'a', 'b', '227', '231']","['""MRS MEDIUM""', '""MODIFIED MEDIUM 11""', '""MRS MEDIUM (pre-reduced)""', '""PEDIOCOCCUS HALOPHILUS MEDIUM""', '""PEDIOCOCCUS DAMNOSUS MEDIUM""']",8,"[['pH', '6 - 8', '3                                        strains'], ['phyla', '3', '22                                        strains'], ['oxygen', 'anaerobe', '11                                        strains'], ['oxygen', 'microaerophile', '3                                        strains'], ['oxygen', 'facultative anaerobe', '2                                        strains'], ['temperature', 'mesophilic', '20                                        strains'], ['temperature', 'psychrophilic', '1                                        strain'], ['Show moreShow less']]"
12,DSMZ,SOIL EXTRACT MEDIUM,https://mediadive.dsmz.de/medium/12,complex,yes,6.8 - 7.0,6.8,7.0,['Bacteria'],1,https://mediadive.dsmz.de/strains/medium/12,https://mediadive.dsmz.de/pdf/12,22.02.22,[],[],,"[['phyla', '1', '1                                        strain'], ['temperature', 'mesophilic', '1                                        strain']]"
13,DSMZ,BACILLUS ACIDOCALDARIUS MEDIUM,https://mediadive.dsmz.de/medium/13,complex,yes,,,,['Bacteria'],8,https://mediadive.dsmz.de/strains/medium/13,https://mediadive.dsmz.de/pdf/13,04.02.22,[],[],7,"[['pH', '4 - 6', '6                                        strains'], ['phyla', '1', '8                                        strains'], ['oxygen', 'aerobe', '6                                        strains'], ['temperature', 'thermophilic', '8                                        strains']]"
14,DSMZ,CLOSTRIDIUM FORMICACETICUM MEDIUM,https://mediadive.dsmz.de/medium/14,complex,yes,8.0,8.0,8.0,['Bacteria'],8,https://mediadive.dsmz.de/strains/medium/14,https://mediadive.dsmz.de/pdf/14,05.11.22,[],[],,"[['phyla', '1', '8                                        strains'], ['oxygen', 'anaerobe', '8                                        strains'], ['temperature', 'mesophilic', '8                                        strains']]"
21,DSMZ,SARCINA MEDIUM,https://mediadive.dsmz.de/medium/21,complex,yes,6.0,6.0,6.0,['Bacteria'],5,https://mediadive.dsmz.de/strains/medium/21,https://mediadive.dsmz.de/pdf/21,22.02.22,[],[],3,"[['phyla', '1', '5                                        strains'], ['oxygen', 'anaerobe', '5                                        strains'], ['temperature', 'mesophilic', '5                                        strains']]"
25,DSMZ,RHODOPSEUDOMONAS GLOBIFORMIS MEDIUM,https://mediadive.dsmz.de/medium/25,complex,yes,4.9,4.9,4.9,['Bacteria'],1,https://mediadive.dsmz.de/strains/medium/25,https://mediadive.dsmz.de/pdf/25,22.02.22,[],[],1,"[['phyla', '1', '1                                        strain'], ['oxygen', 'anaerobe', '1                                        strain'], ['temperature', 'mesophilic', '1                                        strain']]"
26,DSMZ,ACID RHODOSPIRILLACEAE MEDIUM,https://mediadive.dsmz.de/medium/26,complex,yes,5.7,5.7,5.7,['Bacteria'],7,https://mediadive.dsmz.de/strains/medium/26,https://mediadive.dsmz.de/pdf/26,22.02.22,"['26', '27', '109', 'P7']","['""ACID RHODOSPIRILLACEAE MEDIUM""', '""RHODOSPIRILLACEAE MEDIUM (modified)""', '""RHODOPSEUDOMONAS SULFOVIRIDIS MEDIUM""', '""N27 RHODOSPIRILLACEAE MEDIUM (modified)""']",,"[['phyla', '1', '7                                        strains'], ['oxygen', 'anaerobe', '7                                        strains'], ['oxygen', 'microaerophile', '1                                        strain'], ['temperature', 'mesophilic', '7                                        strains']]"
27,DSMZ,RHODOSPIRILLACEAE MEDIUM (modified),https://mediadive.dsmz.de/medium/27,complex,yes,6.8,6.8,6.8,['Bacteria'],85,https://mediadive.dsmz.de/strains/medium/27,https://mediadive.dsmz.de/pdf/27,22.02.22,"['26', '27', '109', 'P7']","['""ACID RHODOSPIRILLACEAE MEDIUM""', '""RHODOSPIRILLACEAE MEDIUM (modified)""', '""RHODOPSEUDOMONAS SULFOVIRIDIS MEDIUM""', '""N27 RHODOSPIRILLACEAE MEDIUM (modified)""']",20,"[['pH', '6 - 8', '10                                        strains'], ['pH', '8 - 10', '8                                        strains'], ['pH', '4 - 6', '2                                        strains'], ['phyla', '1', '95                                        strains'], ['nutrition', 'copiotroph|diazotroph', '1                                        strain'], ['nutrition', 'photolithotroph', '1                                        strain'], ['oxygen', 'anaerobe', '82                                        strains'], ['oxygen', 'aerobe', '5                                        strains'], ['oxygen', 'facultative anaerobe', '2                                        strains'], ['oxygen', 'obligate aerobe', '2                                        strains'], ['oxygen', 'obligate anaerobe', '1                                        strain'], ['oxygen', 'facultative aerobe', '1                                        strain'], ['temperature', 'mesophilic', '91                                        strains'], ['temperature', 'thermophilic', '4                                        strains'], ['temperature', 'psychrophilic', '3                                        strains'], ['Show moreShow less']]"
28,DSMZ,PFENNIG'S MEDIUM I,https://mediadive.dsmz.de/medium/28,complex,yes,7.1 - 7.3,7.1,7.3,['Bacteria'],60,https://mediadive.dsmz.de/strains/medium/28,https://mediadive.dsmz.de/pdf/28,24.02.22,"['28', 'a', 'b']","['""PFENNIG\'S MEDIUM I""', '""THIORHODOCOCCUS MEDIUM""', '""THIORHODOCOCCUS MEDIUM II""']",31,"[['pH', '6 - 8', '6                                        strains'], ['pH', '8 - 10', '1                                        strain'], ['phyla', '2', '66                                        strains'], ['oxygen', 'anaerobe', '57                                        strains'], ['oxygen', 'obligate anaerobe', '3                                        strains'], ['oxygen', 'facultative aerobe', '1                                        strain'], ['oxygen', 'aerobe', '1                                        strain'], ['temperature', 'mesophilic', '52                                        strains'], ['temperature', 'thermophilic', '1                                        strain'], ['temperature', 'psychrophilic', '1                                        strain'], ['Show moreShow less']]"
28a,DSMZ,THIORHODOCOCCUS MEDIUM,https://mediadive.dsmz.de/medium/28a,complex,yes,7.1 - 7.3,7.1,7.3,['Bacteria'],1,https://mediadive.dsmz.de/strains/medium/28a,https://mediadive.dsmz.de/pdf/28a,22.02.22,"['28', 'a', 'b']","['""PFENNIG\'S MEDIUM I""', '""THIORHODOCOCCUS MEDIUM""', '""THIORHODOCOCCUS MEDIUM II""']",,"[['phyla', '1', '1                                        strain'], ['oxygen', 'anaerobe', '1                                        strain'], ['temperature', 'mesophilic', '1                                        strain']]"
28b,DSMZ,THIORHODOCOCCUS MEDIUM II,https://mediadive.dsmz.de/medium/28b,complex,yes,7.5,7.5,7.5,['Bacteria'],1,https://mediadive.dsmz.de/strains/medium/28b,https://mediadive.dsmz.de/pdf/28b,24.02.22,"['28', 'a', 'b']","['""PFENNIG\'S MEDIUM I""', '""THIORHODOCOCCUS MEDIUM""', '""THIORHODOCOCCUS MEDIUM II""']",,"[['pH', '6 - 8', '1                                        strain'], ['phyla', '1', '1                                        strain'], ['oxygen', 'anaerobe', '1                                        strain'], ['temperature', 'mesophilic', '1                                        strain']]"
29,DSMZ,PFENNIG'S MEDIUM II,https://mediadive.dsmz.de/medium/29,complex,yes,6.8 - 7.1,6.8,7.1,['Bacteria'],11,https://mediadive.dsmz.de/strains/medium/29,https://mediadive.dsmz.de/pdf/29,04.10.23,"['29', 'a']","['""PFENNIG\'S MEDIUM II""', '""MEDIUM FOR CHLOROBIUM FERROOXIDANS""']",1,"[['phyla', '2', '12                                        strains'], ['nutrition', 'phototroph', '3                                        strains'], ['oxygen', 'anaerobe', '12                                        strains'], ['oxygen', 'obligate anaerobe', '3                                        strains'], ['temperature', 'mesophilic', '10                                        strains'], ['temperature', 'thermophilic', '1                                        strain'], ['Show moreShow less']]"
29a,DSMZ,MEDIUM FOR CHLOROBIUM FERROOXIDANS,https://mediadive.dsmz.de/medium/29a,complex,yes,6.8,6.8,6.8,[],,,https://mediadive.dsmz.de/pdf/29a,22.02.22,"['29', 'a']","['""PFENNIG\'S MEDIUM II""', '""MEDIUM FOR CHLOROBIUM FERROOXIDANS""']",,"[['phyla', '1', '1                                        strain'], ['oxygen', 'anaerobe', '1                                        strain']]"
31,DSMZ,ALKALINE NUTRIENT AGAR,https://mediadive.dsmz.de/medium/31,complex,yes,9.7,9.7,9.7,['Bacteria'],154,https://mediadive.dsmz.de/strains/medium/31,https://mediadive.dsmz.de/pdf/31,24.02.22,[],[],68,"[['pH', '8 - 10', '8                                        strains'], ['pH', '6 - 8', '5                                        strains'], ['pH', '12 - 14', '1                                        strain'], ['pH', '10 - 12', '1                                        strain'], ['pH', '4 - 6', '1                                        strain'], ['phyla', '3', '154                                        strains'], ['oxygen', 'obligate aerobe', '14                                        strains'], ['oxygen', 'aerobe', '6                                        strains'], ['oxygen', 'facultative anaerobe', '4                                        strains'], ['temperature', 'mesophilic', '153                                        strains'], ['temperature', 'psychrophilic', '5                                        strains'], ['temperature', 'thermophilic', '3                                        strains'], ['Show moreShow less']]"
32,DSMZ,PHOTOBACTERIUM MEDIUM,https://mediadive.dsmz.de/medium/32,complex,yes,7.2 - 7.5,7.2,7.5,[],,,https://mediadive.dsmz.de/pdf/32,22.02.22,[],[],,[]
34,DSMZ,CARYOPHANON LATUM MEDIUM,https://mediadive.dsmz.de/medium/34,complex,yes,7.8,7.8,7.8,['Bacteria'],7,https://mediadive.dsmz.de/strains/medium/34,https://mediadive.dsmz.de/pdf/34,22.02.22,[],[],1,"[['phyla', '2', '7                                        strains'], ['temperature', 'mesophilic', '7                                        strains']]"
35,DSMZ,ACIDITHIOBACILLUS MEDIUM,https://mediadive.dsmz.de/medium/35,defined,no,4.2,4.2,4.2,['Bacteria'],3,https://mediadive.dsmz.de/strains/medium/35,https://mediadive.dsmz.de/pdf/35,31.03.22,"['35', 'a']","['""ACIDITHIOBACILLUS MEDIUM""', '""THIOMONAS MEDIUM""']",2,"[['pH', '0 - 2', '1                                        strain'], ['pH', '2 - 4', '1                                        strain'], ['pH', '6 - 8', '1                                        strain'], ['phyla', '1', '3                                        strains'], ['nutrition', 'chemolithoautotroph', '1                                        strain'], ['oxygen', 'aerobe', '1                                        strain'], ['oxygen', 'obligate aerobe', '1                                        strain'], ['temperature', 'mesophilic', '3                                        strains'], ['Show moreShow less']]"
35a,DSMZ,THIOMONAS MEDIUM,https://mediadive.dsmz.de/medium/35a,complex,yes,6.0,6.0,6.0,['Bacteria'],3,https://mediadive.dsmz.de/strains/medium/35a,https://mediadive.dsmz.de/pdf/35a,22.02.22,"['35', 'a']","['""ACIDITHIOBACILLUS MEDIUM""', '""THIOMONAS MEDIUM""']",2,"[['phyla', '1', '3                                        strains'], ['oxygen', 'obligate aerobe', '1                                        strain'], ['temperature', 'mesophilic', '2                                        strains'], ['temperature', 'thermophilic', '1                                        strain']]"
36,DSMZ,THIOBACILLUS MEDIUM,https://mediadive.dsmz.de/medium/36,defined,no,6.6,6.6,6.6,['Bacteria'],1,https://mediadive.dsmz.de/strains/medium/36,https://mediadive.dsmz.de/pdf/36,31.03.22,[],[],,"[['pH', '6 - 8', '1                                        strain'], ['pH', '8 - 10', '1                                        strain'], ['phyla', '1', '2                                        strains'], ['oxygen', 'aerobe', '1                                        strain'], ['temperature', 'mesophilic', '2                                        strains']]"
37,DSMZ,SPIRILLUM MEDIUM,https://mediadive.dsmz.de/medium/37,complex,yes,6.8,6.8,6.8,['Bacteria'],15,https://mediadive.dsmz.de/strains/medium/37,https://mediadive.dsmz.de/pdf/37,22.02.22,[],[],,"[['pH', '6 - 8', '2                                        strains'], ['pH', '8 - 10', '2                                        strains'], ['phyla', '1', '15                                        strains'], ['oxygen', 'aerobe', '8                                        strains'], ['oxygen', 'obligate aerobe', '4                                        strains'], ['oxygen', 'microaerophile', '2                                        strains'], ['oxygen', 'facultative anaerobe', '1                                        strain'], ['temperature', 'mesophilic', '15                                        strains'], ['temperature', 'psychrophilic', '1                                        strain'], ['Show moreShow less']]"
38,DSMZ,ACETOANAEROBIUM MEDIUM,https://mediadive.dsmz.de/medium/38,complex,yes,7.0,7.0,7.0,['Bacteria'],1,https://mediadive.dsmz.de/strains/medium/38,https://mediadive.dsmz.de/pdf/38,22.02.22,[],[],,"[['phyla', '1', '1                                        strain'], ['oxygen', 'anaerobe', '1                                        strain'], ['temperature', 'mesophilic', '1                                        strain']]"
39,DSMZ,PFENNIG'S MEDIUM I WITH YEAST EXTRACT,https://mediadive.dsmz.de/medium/39,complex,yes,,,,['Bacteria'],1,https://mediadive.dsmz.de/strains/medium/39,https://mediadive.dsmz.de/pdf/39,15.02.22,"['39', '40', '43', '46', '421', '422']","['""PFENNIG\'S MEDIUM I WITH YEAST EXTRACT""', '""PFENNIG\'S MEDIUM II WITH SALT""', '""PFENNIG\'S MEDIUM I WITH SALT""', '""PFENNIG\'S MEDIUM I WITH SALT""', '""CHROMATIUM SALEXIGENS MEDIUM""', '""AMOEBOBACTER MEDIUM""']",,"[['phyla', '1', '1                                        strain'], ['oxygen', 'anaerobe', '1                                        strain']]"
40,DSMZ,PFENNIG'S MEDIUM II WITH SALT,https://mediadive.dsmz.de/medium/40,complex,yes,,,,['Bacteria'],9,https://mediadive.dsmz.de/strains/medium/40,https://mediadive.dsmz.de/pdf/40,15.02.22,"['39', '40', '43', '46', '421', '422']","['""PFENNIG\'S MEDIUM I WITH YEAST EXTRACT""', '""PFENNIG\'S MEDIUM II WITH SALT""', '""PFENNIG\'S MEDIUM I WITH SALT""', '""PFENNIG\'S MEDIUM I WITH SALT""', '""CHROMATIUM SALEXIGENS MEDIUM""', '""AMOEBOBACTER MEDIUM""']",,"[['phyla', '2', '9                                        strains'], ['nutrition', 'phototroph', '2                                        strains'], ['oxygen', 'anaerobe', '8                                        strains'], ['oxygen', 'obligate anaerobe', '2                                        strains'], ['temperature', 'mesophilic', '7                                        strains']]"
43,DSMZ,PFENNIG'S MEDIUM I WITH SALT,https://mediadive.dsmz.de/medium/43,complex,yes,7.1 - 7.3,7.1,7.3,[],,,https://mediadive.dsmz.de/pdf/43,22.02.22,"['39', '40', '43', '46', '421', '422']","['""PFENNIG\'S MEDIUM I WITH YEAST EXTRACT""', '""PFENNIG\'S MEDIUM II WITH SALT""', '""PFENNIG\'S MEDIUM I WITH SALT""', '""PFENNIG\'S MEDIUM I WITH SALT""', '""CHROMATIUM SALEXIGENS MEDIUM""', '""AMOEBOBACTER MEDIUM""']",,[]
46,DSMZ,PFENNIG'S MEDIUM I WITH SALT,https://mediadive.dsmz.de/medium/46,complex,yes,7.1 - 7.3,7.1,7.3,[],,,https://mediadive.dsmz.de/pdf/46,22.02.22,"['39', '40', '43', '46', '421', '422']","['""PFENNIG\'S MEDIUM I WITH YEAST EXTRACT""', '""PFENNIG\'S MEDIUM II WITH SALT""', '""PFENNIG\'S MEDIUM I WITH SALT""', '""PFENNIG\'S MEDIUM I WITH SALT""', '""CHROMATIUM SALEXIGENS MEDIUM""', '""AMOEBOBACTER MEDIUM""']",,[]
48,DSMZ,TRYPTONE THIOGLYCOLATE MEDIUM,https://mediadive.dsmz.de/medium/48,complex,yes,7.5,7.5,7.5,['Bacteria'],2,https://mediadive.dsmz.de/strains/medium/48,https://mediadive.dsmz.de/pdf/48,22.02.22,[],[],,"[['phyla', '1', '2                                        strains'], ['oxygen', 'anaerobe', '2                                        strains'], ['temperature', 'mesophilic', '2                                        strains']]"
49,DSMZ,C/10 MEDIUM,https://mediadive.dsmz.de/medium/49,complex,yes,7.2,7.2,7.2,['Bacteria'],1,https://mediadive.dsmz.de/strains/medium/49,https://mediadive.dsmz.de/pdf/49,22.02.22,[],[],,"[['phyla', '1', '1                                        strain'], ['temperature', 'mesophilic', '1                                        strain'], ['temperature', 'psychrophilic', '1                                        strain']]"
51,DSMZ,SPHAEROTILUS MEDIUM,https://mediadive.dsmz.de/medium/51,complex,yes,7.0,7.0,7.0,['Bacteria'],5,https://mediadive.dsmz.de/strains/medium/51,https://mediadive.dsmz.de/pdf/51,24.02.22,[],[],,"[['phyla', '1', '5                                        strains'], ['temperature', 'mesophilic', '5                                        strains']]"
52,DSMZ,CLOSTRIDIUM KLUYVERI MEDIUM,https://mediadive.dsmz.de/medium/52,complex,yes,6.8 - 7.0,6.8,7.0,['Bacteria'],6,https://mediadive.dsmz.de/strains/medium/52,https://mediadive.dsmz.de/pdf/52,22.02.22,[],[],,"[['phyla', '1', '6                                        strains'], ['oxygen', 'anaerobe', '6                                        strains'], ['temperature', 'mesophilic', '6                                        strains']]"
53,DSMZ,CORYNEBACTERIUM AGAR,https://mediadive.dsmz.de/medium/53,complex,yes,7.2 - 7.4,7.2,7.4,['Bacteria'],159,https://mediadive.dsmz.de/strains/medium/53,https://mediadive.dsmz.de/pdf/53,22.02.22,"['53', '229', '240']","['""CORYNEBACTERIUM AGAR""', '""CORYNEBACTERIUM MEDIUM WITH SALT""', '""CORYNEBACTERIUM MEDIUM WITH BLOOD""']",4,"[['pH', '6 - 8', '6                                        strains'], ['pH', '8 - 10', '3                                        strains'], ['pH', '4 - 6', '1                                        strain'], ['phyla', '4', '162                                        strains'], ['oxygen', 'obligate aerobe', '36                                        strains'], ['oxygen', 'aerobe', '36                                        strains'], ['oxygen', 'facultative anaerobe', '15                                        strains'], ['oxygen', 'microaerophile', '1                                        strain'], ['temperature', 'mesophilic', '160                                        strains'], ['temperature', 'psychrophilic', '4                                        strains'], ['Show moreShow less']]"
54,DSMZ,GLUCOSE YEAST EXTRACT MEDIUM,https://mediadive.dsmz.de/medium/54,complex,yes,,,,['Bacteria'],66,https://mediadive.dsmz.de/strains/medium/54,https://mediadive.dsmz.de/pdf/54,27.04.23,"['54', 'a', 'b']","['""GLUCOSE YEAST EXTRACT MEDIUM""', '""REACTIVATION WITH LIQUID MEDIUM 545""', '""CLOSTRIDIUM SP. MEDIUM""']",6,"[['phyla', '1', '62                                        strains'], ['oxygen', 'obligate aerobe', '7                                        strains'], ['oxygen', 'aerobe', '5                                        strains'], ['oxygen', 'facultative anaerobe', '1                                        strain'], ['temperature', 'mesophilic', '61                                        strains'], ['temperature', 'psychrophilic', '1                                        strain'], ['Show moreShow less']]"
54a,DSMZ,REACTIVATION WITH LIQUID MEDIUM 545,https://mediadive.dsmz.de/medium/54a,complex,yes,7.3,7.3,7.3,['Bacteria'],9,https://mediadive.dsmz.de/strains/medium/54a,https://mediadive.dsmz.de/pdf/54a,22.02.22,"['54', 'a', 'b']","['""GLUCOSE YEAST EXTRACT MEDIUM""', '""REACTIVATION WITH LIQUID MEDIUM 545""', '""CLOSTRIDIUM SP. MEDIUM""']",,"[['phyla', '1', '9                                        strains'], ['oxygen', 'obligate aerobe', '1                                        strain'], ['temperature', 'mesophilic', '9                                        strains']]"
54b,DSMZ,CLOSTRIDIUM SP. MEDIUM,https://mediadive.dsmz.de/medium/54b,complex,yes,,,,['Bacteria'],8,https://mediadive.dsmz.de/strains/medium/54b,https://mediadive.dsmz.de/pdf/54b,31.01.22,"['54', 'a', 'b']","['""GLUCOSE YEAST EXTRACT MEDIUM""', '""REACTIVATION WITH LIQUID MEDIUM 545""', '""CLOSTRIDIUM SP. MEDIUM""']",,"[['pH', '4 - 6', '1                                        strain'], ['pH', '6 - 8', '1                                        strain'], ['phyla', '1', '8                                        strains'], ['oxygen', 'anaerobe', '7                                        strains'], ['temperature', 'mesophilic', '8                                        strains'], ['temperature', 'thermophilic', '1                                        strain'], ['Show moreShow less']]"
55,DSMZ,FRUCTOSE MINERAL MEDIUM,https://mediadive.dsmz.de/medium/55,defined,no,,,,['Bacteria'],3,https://mediadive.dsmz.de/strains/medium/55,https://mediadive.dsmz.de/pdf/55,15.02.22,[],[],,"[['phyla', '1', '3                                        strains'], ['temperature', 'mesophilic', '3                                        strains']]"
56,DSMZ,TRYPTICASE STARCH AGAR,https://mediadive.dsmz.de/medium/56,complex,yes,,,,[],1,https://mediadive.dsmz.de/strains/medium/56,https://mediadive.dsmz.de/pdf/56,04.02.22,[],[],,"[['phyla', '1', '1                                        strain'], ['temperature', 'mesophilic', '1                                        strain']]"
57,DSMZ,AAM MEDIUM,https://mediadive.dsmz.de/medium/57,complex,yes,5.4,5.4,5.4,['Bacteria'],2,https://mediadive.dsmz.de/strains/medium/57,https://mediadive.dsmz.de/pdf/57,22.02.22,[],[],1,"[['phyla', '1', '2                                        strains'], ['temperature', 'mesophilic', '2                                        strains']]"
58,DSMZ,BIFIDOBACTERIUM MEDIUM,https://mediadive.dsmz.de/medium/58,complex,yes,6.8,6.8,6.8,['Bacteria'],211,https://mediadive.dsmz.de/strains/medium/58,https://mediadive.dsmz.de/pdf/58,22.02.22,[],[],20,"[['pH', '6 - 8', '20                                        strains'], ['pH', '4 - 6', '14                                        strains'], ['pH', '8 - 10', '3                                        strains'], ['pH', '2 - 4', '2                                        strains'], ['pH', '10 - 12', '1                                        strain'], ['phyla', '5', '206                                        strains'], ['oxygen', 'anaerobe', '160                                        strains'], ['oxygen', 'microaerophile', '10                                        strains'], ['oxygen', 'aerobe', '5                                        strains'], ['oxygen', 'facultative anaerobe', '5                                        strains'], ['oxygen', 'facultative aerobe', '2                                        strains'], ['oxygen', 'obligate anaerobe', '1                                        strain'], ['temperature', 'mesophilic', '206                                        strains'], ['temperature', 'thermophilic', '4                                        strains'], ['Show moreShow less']]"
59,DSMZ,LEUCONOSTOC OENOS MEDIUM,https://mediadive.dsmz.de/medium/59,complex,yes,4.8,4.8,4.8,['Bacteria'],3,https://mediadive.dsmz.de/strains/medium/59,https://mediadive.dsmz.de/pdf/59,22.02.22,[],[],,"[['phyla', '1', '3                                        strains'], ['temperature', 'mesophilic', '3                                        strains'], ['temperature', 'psychrophilic', '1                                        strain']]"
60,DSMZ,MOORELLA MEDIUM,https://mediadive.dsmz.de/medium/60,complex,yes,6.9,6.9,6.9,['Bacteria'],4,https://mediadive.dsmz.de/strains/medium/60,https://mediadive.dsmz.de/pdf/60,22.02.22,[],[],,"[['phyla', '1', '4                                        strains'], ['oxygen', 'anaerobe', '4                                        strains'], ['temperature', 'thermophilic', '4                                        strains']]"
61,DSMZ,THERMOANAEROBACTER MEDIUM,https://mediadive.dsmz.de/medium/61,complex,yes,6.8 - 7.5,6.8,7.5,['Bacteria'],17,https://mediadive.dsmz.de/strains/medium/61,https://mediadive.dsmz.de/pdf/61,11.01.24,[],[],3,"[['phyla', '2', '17                                        strains'], ['oxygen', 'anaerobe', '16                                        strains'], ['temperature', 'thermophilic', '16                                        strains'], ['temperature', 'mesophilic', '1                                        strain']]"
63,DSMZ,DESULFOVIBRIO (POSTGATE) MEDIUM,https://mediadive.dsmz.de/medium/63,complex,yes,6.8 - 7.0,6.8,7.0,['Bacteria'],91,https://mediadive.dsmz.de/strains/medium/63,https://mediadive.dsmz.de/pdf/63,05.10.22,"['63', 'a', 'b', 'c']","['""DESULFOVIBRIO (POSTGATE) MEDIUM""', '""DESULFOTOMACULUM (14.5) MEDIUM""', '""DESULFOVIBRIO MEDIUM (SEAWATER)""', '""DESULFOVIBRIO MEDIUM (CHOLINE)""']",2,"[['pH', '6 - 8', '7                                        strains'], ['pH', '8 - 10', '3                                        strains'], ['pH', '4 - 6', '2                                        strains'], ['pH', '2 - 4', '1                                        strain'], ['phyla', '4', '90                                        strains'], ['oxygen', 'anaerobe', '86                                        strains'], ['oxygen', 'aerobe', '1                                        strain'], ['temperature', 'mesophilic', '63                                        strains'], ['temperature', 'thermophilic', '26                                        strains'], ['temperature', 'psychrophilic', '2                                        strains'], ['Show moreShow less']]"
63a,DSMZ,DESULFOTOMACULUM (14.5) MEDIUM,https://mediadive.dsmz.de/medium/63a,complex,yes,6.8 - 7.0,6.8,7.0,['Bacteria'],1,https://mediadive.dsmz.de/strains/medium/63a,https://mediadive.dsmz.de/pdf/63a,22.02.22,"['63', 'a', 'b', 'c']","['""DESULFOVIBRIO (POSTGATE) MEDIUM""', '""DESULFOTOMACULUM (14.5) MEDIUM""', '""DESULFOVIBRIO MEDIUM (SEAWATER)""', '""DESULFOVIBRIO MEDIUM (CHOLINE)""']",,"[['phyla', '1', '1                                        strain'], ['oxygen', 'anaerobe', '1                                        strain'], ['temperature', 'mesophilic', '1                                        strain']]"
63b,DSMZ,DESULFOVIBRIO MEDIUM (SEAWATER),https://mediadive.dsmz.de/medium/63b,complex,yes,6.8 - 7.0,6.8,7.0,['Bacteria'],2,https://mediadive.dsmz.de/strains/medium/63b,https://mediadive.dsmz.de/pdf/63b,22.02.22,"['63', 'a', 'b', 'c']","['""DESULFOVIBRIO (POSTGATE) MEDIUM""', '""DESULFOTOMACULUM (14.5) MEDIUM""', '""DESULFOVIBRIO MEDIUM (SEAWATER)""', '""DESULFOVIBRIO MEDIUM (CHOLINE)""']",,"[['phyla', '2', '2                                        strains'], ['oxygen', 'anaerobe', '2                                        strains'], ['temperature', 'mesophilic', '1                                        strain'], ['temperature', 'psychrophilic', '1                                        strain']]"
63c,DSMZ,DESULFOVIBRIO MEDIUM (CHOLINE),https://mediadive.dsmz.de/medium/63c,complex,yes,6.8 - 7.0,6.8,7.0,['Bacteria'],1,https://mediadive.dsmz.de/strains/medium/63c,https://mediadive.dsmz.de/pdf/63c,22.02.22,"['63', 'a', 'b', 'c']","['""DESULFOVIBRIO (POSTGATE) MEDIUM""', '""DESULFOTOMACULUM (14.5) MEDIUM""', '""DESULFOVIBRIO MEDIUM (SEAWATER)""', '""DESULFOVIBRIO MEDIUM (CHOLINE)""']",,"[['phyla', '1', '1                                        strain'], ['oxygen', 'anaerobe', '1                                        strain'], ['temperature', 'mesophilic', '1                                        strain']]"
65,DSMZ,GYM STREPTOMYCES MEDIUM,https://mediadive.dsmz.de/medium/65,complex,yes,7.2,7.2,7.2,"['Bacteria', 'Phages']",3661,https://mediadive.dsmz.de/strains/medium/65,https://mediadive.dsmz.de/pdf/65,01.09.23,"['65', '214']","['""GYM STREPTOMYCES MEDIUM""', '""GYM+S MEDIUM""']",36,"[['halophily', 'non-halophilic', '7                                        strains'], ['halophily', 'moderately halophilic', '1                                        strain'], ['pH', '6 - 8', '313                                        strains'], ['pH', '4 - 6', '198                                        strains'], ['pH', '8 - 10', '176                                        strains'], ['pH', '10 - 12', '72                                        strains'], ['pH', '2 - 4', '7                                        strains'], ['pH', '12 - 14', '5                                        strains'], ['phyla', '10', '3664                                        strains'], ['nutrition', 'chemoorganotroph', '5                                        strains'], ['nutrition', 'heterotroph', '3                                        strains'], ['nutrition', 'chemoheterotroph', '1                                        strain'], ['oxygen', 'aerobe', '633                                        strains'], ['oxygen', 'obligate aerobe', '237                                        strains'], ['oxygen', 'facultative anaerobe', '24                                        strains'], ['oxygen', 'microaerophile', '15                                        strains'], ['oxygen', 'anaerobe', '1                                        strain'], ['temperature', 'mesophilic', '3518                                        strains'], ['temperature', 'thermophilic', '113                                        strains'], ['temperature', 'psychrophilic', '39                                        strains'], ['Show moreShow less']]"
67,DSMZ,CY-AGAR,https://mediadive.dsmz.de/medium/67,complex,yes,7.2,7.2,7.2,['Bacteria'],69,https://mediadive.dsmz.de/strains/medium/67,https://mediadive.dsmz.de/pdf/67,22.02.22,"['67', '160']","['""CY-AGAR""', '""CYTOPHAGA HUTCHINSONII MEDIUM""']",6,"[['pH', '8 - 10', '4                                        strains'], ['pH', '6 - 8', '4                                        strains'], ['pH', '4 - 6', '4                                        strains'], ['phyla', '3', '65                                        strains'], ['nutrition', 'chemoheterotroph', '1                                        strain'], ['oxygen', 'aerobe', '16                                        strains'], ['oxygen', 'obligate aerobe', '5                                        strains'], ['oxygen', 'facultative anaerobe', '4                                        strains'], ['oxygen', 'microaerophile', '1                                        strain'], ['temperature', 'mesophilic', '58                                        strains'], ['temperature', 'psychrophilic', '12                                        strains'], ['Show moreShow less']]"
68,DSMZ,HALOTHIOBACILLUS NEAPOLITANUS MEDIUM,https://mediadive.dsmz.de/medium/68,defined,no,6.6 - 7.0,6.6,7.0,['Bacteria'],3,https://mediadive.dsmz.de/strains/medium/68,https://mediadive.dsmz.de/pdf/68,31.03.22,[],[],,"[['pH', '2 - 4', '1                                        strain'], ['pH', '6 - 8', '1                                        strain'], ['pH', '8 - 10', '1                                        strain'], ['phyla', '1', '3                                        strains'], ['nutrition', 'chemoautolithotroph', '1                                        strain'], ['temperature', 'mesophilic', '3                                        strains'], ['Show moreShow less']]"
69,DSMZ,STARKEYA NOVELLA MEDIUM,https://mediadive.dsmz.de/medium/69,complex,yes,8.5,8.5,8.5,['Bacteria'],2,https://mediadive.dsmz.de/strains/medium/69,https://mediadive.dsmz.de/pdf/69,20.10.23,[],[],,"[['phyla', '1', '2                                        strains'], ['temperature', 'mesophilic', '2                                        strains']]"
70,DSMZ,ACIDITHIOBACILLUS FERROOXIDANS MEDIUM,https://mediadive.dsmz.de/medium/70,defined,no,1.8,1.8,1.8,['Bacteria'],1,https://mediadive.dsmz.de/strains/medium/70,https://mediadive.dsmz.de/pdf/70,25.03.24,[],[],,"[['phyla', '1', '1                                        strain'], ['temperature', 'mesophilic', '1                                        strain']]"
71,DSMZ,ACIDITHIOBACILLUS THIOOXIDANS MEDIUM,https://mediadive.dsmz.de/medium/71,defined,no,4.4 - 4.7,4.4,4.7,['Bacteria'],6,https://mediadive.dsmz.de/strains/medium/71,https://mediadive.dsmz.de/pdf/71,22.02.22,[],[],3,"[['phyla', '1', '6                                        strains'], ['temperature', 'mesophilic', '6                                        strains']]"
73,DSMZ,MEDIUM FOR HALOPHILIC BACILLI,https://mediadive.dsmz.de/medium/73,complex,yes,7.0,7.0,7.0,['Bacteria'],1,https://mediadive.dsmz.de/strains/medium/73,https://mediadive.dsmz.de/pdf/73,22.02.22,[],[],,"[['phyla', '1', '1                                        strain'], ['temperature', 'mesophilic', '1                                        strain']]"
74,DSMZ,THERMUS THERMOPHILUS MEDIUM,https://mediadive.dsmz.de/medium/74,complex,yes,7.0,7.0,7.0,['Bacteria'],3,https://mediadive.dsmz.de/strains/medium/74,https://mediadive.dsmz.de/pdf/74,22.02.22,[],[],,"[['phyla', '2', '4                                        strains'], ['oxygen', 'aerobe', '1                                        strain'], ['oxygen', 'facultative anaerobe', '1                                        strain'], ['oxygen', 'obligate aerobe', '1                                        strain'], ['temperature', 'thermophilic', '3                                        strains']]"
75,DSMZ,TRYPTICASE PHYTONE MEDIUM,https://mediadive.dsmz.de/medium/75,complex,yes,7.3,7.3,7.3,['Bacteria'],2,https://mediadive.dsmz.de/strains/medium/75,https://mediadive.dsmz.de/pdf/75,24.02.22,[],[],,"[['phyla', '1', '2                                        strains'], ['oxygen', 'obligate aerobe', '1                                        strain'], ['temperature', 'mesophilic', '2                                        strains']]"
76,DSMZ,GOTTSCHALKIA MEDIUM,https://mediadive.dsmz.de/medium/76,complex,yes,7.0 - 7.5,7.0,7.5,['Bacteria'],14,https://mediadive.dsmz.de/strains/medium/76,https://mediadive.dsmz.de/pdf/76,22.02.22,[],[],,"[['pH', '6 - 8', '3                                        strains'], ['pH', '8 - 10', '2                                        strains'], ['phyla', '1', '14                                        strains'], ['nutrition', 'chemoorganotroph', '2                                        strains'], ['oxygen', 'anaerobe', '14                                        strains'], ['oxygen', 'obligate anaerobe', '3                                        strains'], ['temperature', 'mesophilic', '14                                        strains'], ['Show moreShow less']]"
77,DSMZ,LIVER BROTH (Oxoid CM 77),https://mediadive.dsmz.de/medium/77,complex,yes,,,,['Bacteria'],7,https://mediadive.dsmz.de/strains/medium/77,https://mediadive.dsmz.de/pdf/77,18.05.22,[],[],,"[['phyla', '1', '7                                        strains'], ['oxygen', 'anaerobe', '7                                        strains'], ['temperature', 'mesophilic', '7                                        strains']]"
78,DSMZ,CHOPPED MEAT MEDIUM,https://mediadive.dsmz.de/medium/78,complex,yes,7.0,7.0,7.0,['Bacteria'],267,https://mediadive.dsmz.de/strains/medium/78,https://mediadive.dsmz.de/pdf/78,21.09.22,"['78', 'a', 'b', 'c', 'd']","['""CHOPPED MEAT MEDIUM""', '""CHOPPED MEAT MEDIUM FOR TREPONEMA SP.""', '""CHOPPED MEAT MEDIUM (N2/CO2)""', '""CHOPPED MEAT MEDIUM FOR FRETIBACTERIUM SP.""', '""MEDIUM FOR TREPONEMA PARVUM""']",49,"[['halophily', 'non-halophilic', '1                                        strain'], ['pH', '6 - 8', '21                                        strains'], ['pH', '8 - 10', '8                                        strains'], ['pH', '4 - 6', '5                                        strains'], ['phyla', '9', '263                                        strains'], ['oxygen', 'anaerobe', '225                                        strains'], ['oxygen', 'obligate anaerobe', '13                                        strains'], ['oxygen', 'microaerophile', '5                                        strains'], ['oxygen', 'obligate aerobe', '1                                        strain'], ['oxygen', 'facultative anaerobe', '1                                        strain'], ['oxygen', 'aerotolerant', '1                                        strain'], ['temperature', 'mesophilic', '263                                        strains'], ['temperature', 'thermophilic', '1                                        strain'], ['Show moreShow less']]"
78a,DSMZ,CHOPPED MEAT MEDIUM FOR TREPONEMA SP.,https://mediadive.dsmz.de/medium/78a,complex,yes,,,,['Bacteria'],1,https://mediadive.dsmz.de/strains/medium/78a,https://mediadive.dsmz.de/pdf/78a,24.02.22,"['78', 'a', 'b', 'c', 'd']","['""CHOPPED MEAT MEDIUM""', '""CHOPPED MEAT MEDIUM FOR TREPONEMA SP.""', '""CHOPPED MEAT MEDIUM (N2/CO2)""', '""CHOPPED MEAT MEDIUM FOR FRETIBACTERIUM SP.""', '""MEDIUM FOR TREPONEMA PARVUM""']",1,"[['phyla', '1', '1                                        strain'], ['oxygen', 'anaerobe', '1                                        strain'], ['temperature', 'mesophilic', '1                                        strain']]"
78b,DSMZ,CHOPPED MEAT MEDIUM (N2/CO2),https://mediadive.dsmz.de/medium/78b,complex,yes,7.0,7.0,7.0,['Bacteria'],1,https://mediadive.dsmz.de/strains/medium/78b,https://mediadive.dsmz.de/pdf/78b,22.02.22,"['78', 'a', 'b', 'c', 'd']","['""CHOPPED MEAT MEDIUM""', '""CHOPPED MEAT MEDIUM FOR TREPONEMA SP.""', '""CHOPPED MEAT MEDIUM (N2/CO2)""', '""CHOPPED MEAT MEDIUM FOR FRETIBACTERIUM SP.""', '""MEDIUM FOR TREPONEMA PARVUM""']",,"[['pH', '6 - 8', '1                                        strain'], ['pH', '8 - 10', '1                                        strain'], ['phyla', '1', '2                                        strains'], ['oxygen', 'anaerobe', '2                                        strains'], ['temperature', 'mesophilic', '1                                        strain']]"
78c,DSMZ,CHOPPED MEAT MEDIUM FOR FRETIBACTERIUM SP.,https://mediadive.dsmz.de/medium/78c,complex,yes,7.0,7.0,7.0,['Bacteria'],1,https://mediadive.dsmz.de/strains/medium/78c,https://mediadive.dsmz.de/pdf/78c,21.06.23,"['78', 'a', 'b', 'c', 'd']","['""CHOPPED MEAT MEDIUM""', '""CHOPPED MEAT MEDIUM FOR TREPONEMA SP.""', '""CHOPPED MEAT MEDIUM (N2/CO2)""', '""CHOPPED MEAT MEDIUM FOR FRETIBACTERIUM SP.""', '""MEDIUM FOR TREPONEMA PARVUM""']",,"[['pH', '6 - 8', '1                                        strain'], ['phyla', '1', '1                                        strain'], ['oxygen', 'anaerobe', '1                                        strain'], ['temperature', 'mesophilic', '1                                        strain']]"
78d,DSMZ,MEDIUM FOR TREPONEMA PARVUM,https://mediadive.dsmz.de/medium/78d,complex,yes,7.0,7.0,7.0,[],,,https://mediadive.dsmz.de/pdf/78d,22.02.22,"['78', 'a', 'b', 'c', 'd']","['""CHOPPED MEAT MEDIUM""', '""CHOPPED MEAT MEDIUM FOR TREPONEMA SP.""', '""CHOPPED MEAT MEDIUM (N2/CO2)""', '""CHOPPED MEAT MEDIUM FOR FRETIBACTERIUM SP.""', '""MEDIUM FOR TREPONEMA PARVUM""']",,[]
79,DSMZ,LEUCOTHRIX MEDIUM,https://mediadive.dsmz.de/medium/79,complex,yes,7.8,7.8,7.8,['Bacteria'],2,https://mediadive.dsmz.de/strains/medium/79,https://mediadive.dsmz.de/pdf/79,01.04.22,[],[],,"[['phyla', '1', '2                                        strains'], ['temperature', 'mesophilic', '2                                        strains'], ['temperature', 'psychrophilic', '1                                        strain']]"
80,DSMZ,GLYCEROL-SOIL MEDIUM,https://mediadive.dsmz.de/medium/80,complex,yes,7.0,7.0,7.0,['Bacteria'],14,https://mediadive.dsmz.de/strains/medium/80,https://mediadive.dsmz.de/pdf/80,22.02.22,[],[],,"[['phyla', '1', '15                                        strains'], ['oxygen', 'obligate aerobe', '6                                        strains'], ['oxygen', 'aerobe', '1                                        strain'], ['temperature', 'mesophilic', '15                                        strains']]"
81,DSMZ,MINERAL MEDIUM FOR CHEMOLITHOTROPHIC GROWTH (H-3),https://mediadive.dsmz.de/medium/81,defined,no,6.8,6.8,6.8,['Bacteria'],123,https://mediadive.dsmz.de/strains/medium/81,https://mediadive.dsmz.de/pdf/81,22.02.22,"['81', 'a']","['""MINERAL MEDIUM FOR CHEMOLITHOTROPHIC GROWTH (H-3)""', '""THIOMONAS ISLANDICA MEDIUM""']",6,"[['pH', '6 - 8', '3                                        strains'], ['pH', '10 - 12', '2                                        strains'], ['phyla', '3', '124                                        strains'], ['nutrition', 'chemolithoautotroph', '3                                        strains'], ['nutrition', 'chemoorganotroph', '3                                        strains'], ['nutrition', 'chemolithotroph', '1                                        strain'], ['oxygen', 'aerobe', '17                                        strains'], ['oxygen', 'obligate aerobe', '11                                        strains'], ['oxygen', 'facultative anaerobe', '2                                        strains'], ['temperature', 'mesophilic', '119                                        strains'], ['temperature', 'thermophilic', '4                                        strains'], ['temperature', 'psychrophilic', '1                                        strain'], ['Show moreShow less']]"
81a,DSMZ,THIOMONAS ISLANDICA MEDIUM,https://mediadive.dsmz.de/medium/81a,defined,no,5.0,5.0,5.0,['Bacteria'],1,https://mediadive.dsmz.de/strains/medium/81a,https://mediadive.dsmz.de/pdf/81a,27.10.22,"['81', 'a']","['""MINERAL MEDIUM FOR CHEMOLITHOTROPHIC GROWTH (H-3)""', '""THIOMONAS ISLANDICA MEDIUM""']",,"[['phyla', '1', '1                                        strain'], ['oxygen', 'aerobe', '1                                        strain'], ['oxygen', 'microaerophile', '1                                        strain'], ['temperature', 'thermophilic', '1                                        strain']]"
82,DSMZ,BHI-GLUCOSE MEDIUM,https://mediadive.dsmz.de/medium/82,complex,yes,,,,['Bacteria'],15,https://mediadive.dsmz.de/strains/medium/82,https://mediadive.dsmz.de/pdf/82,24.02.22,[],[],,"[['phyla', '2', '16                                        strains'], ['oxygen', 'obligate aerobe', '1                                        strain'], ['temperature', 'mesophilic', '12                                        strains'], ['temperature', 'thermophilic', '3                                        strains']]"
83,DSMZ,CZAPEK PEPTONE AGAR,https://mediadive.dsmz.de/medium/83,complex,yes,7.3,7.3,7.3,['Bacteria'],164,https://mediadive.dsmz.de/strains/medium/83,https://mediadive.dsmz.de/pdf/83,14.09.22,[],[],1,"[['pH', '6 - 8', '13                                        strains'], ['pH', '8 - 10', '12                                        strains'], ['pH', '4 - 6', '7                                        strains'], ['pH', '10 - 12', '1                                        strain'], ['phyla', '3', '163                                        strains'], ['oxygen', 'aerobe', '34                                        strains'], ['oxygen', 'obligate aerobe', '7                                        strains'], ['oxygen', 'microaerophile', '2                                        strains'], ['temperature', 'mesophilic', '139                                        strains'], ['temperature', 'thermophilic', '28                                        strains'], ['Show moreShow less']]"
84,DSMZ,ROLLED OATS MINERAL MEDIUM,https://mediadive.dsmz.de/medium/84,complex,yes,7.2,7.2,7.2,['Bacteria'],1494,https://mediadive.dsmz.de/strains/medium/84,https://mediadive.dsmz.de/pdf/84,08.04.24,[],[],26,"[['halophily', 'non-halophilic', '2                                        strains'], ['halophily', 'moderately halophilic', '1                                        strain'], ['pH', '6 - 8', '93                                        strains'], ['pH', '4 - 6', '75                                        strains'], ['pH', '8 - 10', '51                                        strains'], ['pH', '10 - 12', '20                                        strains'], ['pH', '2 - 4', '5                                        strains'], ['pH', '12 - 14', '1                                        strain'], ['phyla', '7', '1519                                        strains'], ['nutrition', 'heterotroph', '1                                        strain'], ['oxygen', 'aerobe', '193                                        strains'], ['oxygen', 'obligate aerobe', '68                                        strains'], ['oxygen', 'facultative anaerobe', '8                                        strains'], ['oxygen', 'microaerophile', '3                                        strains'], ['oxygen', 'anaerobe', '1                                        strain'], ['temperature', 'mesophilic', '1466                                        strains'], ['temperature', 'thermophilic', '41                                        strains'], ['temperature', 'psychrophilic', '15                                        strains'], ['Show moreShow less']]"
85,DSMZ,GLUCOSE PEPTONE MEDIUM,https://mediadive.dsmz.de/medium/85,complex,yes,6.0,6.0,6.0,"['Yeast', 'Bacteria']",11,https://mediadive.dsmz.de/strains/medium/85,https://mediadive.dsmz.de/pdf/85,18.05.22,[],[],,"[['phyla', '1', '1                                        strain'], ['temperature', 'mesophilic', '1                                        strain']]"
86,DSMZ,CASTENHOLZ MEDIUM,https://mediadive.dsmz.de/medium/86,complex,yes,8.2,8.2,8.2,['Bacteria'],13,https://mediadive.dsmz.de/strains/medium/86,https://mediadive.dsmz.de/pdf/86,22.02.22,"['86', 'a']","['""CASTENHOLZ MEDIUM""', '""MODIFIED CASTENHOLZ MEDIUM""']",3,"[['phyla', '4', '13                                        strains'], ['oxygen', 'obligate aerobe', '2                                        strains'], ['oxygen', 'aerobe', '1                                        strain'], ['temperature', 'thermophilic', '12                                        strains'], ['temperature', 'mesophilic', '1                                        strain']]"
86a,DSMZ,MODIFIED CASTENHOLZ MEDIUM,https://mediadive.dsmz.de/medium/86a,complex,yes,7.8,7.8,7.8,['Bacteria'],3,https://mediadive.dsmz.de/strains/medium/86a,https://mediadive.dsmz.de/pdf/86a,22.02.22,"['86', 'a']","['""CASTENHOLZ MEDIUM""', '""MODIFIED CASTENHOLZ MEDIUM""']",,"[['phyla', '1', '3                                        strains'], ['temperature', 'thermophilic', '3                                        strains']]"
87,DSMZ,CHLOROFLEXUS MEDIUM (modified),https://mediadive.dsmz.de/medium/87,complex,yes,8.2,8.2,8.2,['Bacteria'],4,https://mediadive.dsmz.de/strains/medium/87,https://mediadive.dsmz.de/pdf/87,08.05.24,"['87', 'a']","['""CHLOROFLEXUS MEDIUM (modified)""', '""CHLOROFLEXUS AGGREGANS MEDIUM""']",,"[['phyla', '1', '4                                        strains'], ['oxygen', 'anaerobe', '4                                        strains'], ['temperature', 'thermophilic', '4                                        strains']]"
87a,DSMZ,CHLOROFLEXUS AGGREGANS MEDIUM,https://mediadive.dsmz.de/medium/87a,complex,yes,8.2,8.2,8.2,['Bacteria'],3,https://mediadive.dsmz.de/strains/medium/87a,https://mediadive.dsmz.de/pdf/87a,24.02.22,"['87', 'a']","['""CHLOROFLEXUS MEDIUM (modified)""', '""CHLOROFLEXUS AGGREGANS MEDIUM""']",1,"[['pH', '6 - 8', '1                                        strain'], ['pH', '8 - 10', '1                                        strain'], ['phyla', '1', '3                                        strains'], ['nutrition', 'chemoheterotroph', '2                                        strains'], ['nutrition', 'photoheterotroph', '2                                        strains'], ['oxygen', 'anaerobe', '3                                        strains'], ['temperature', 'thermophilic', '3                                        strains'], ['Show moreShow less']]"
88,DSMZ,SULFOLOBUS MEDIUM,https://mediadive.dsmz.de/medium/88,complex,yes,2.0,2.0,2.0,"['Archaea', 'Bacteria']",18,https://mediadive.dsmz.de/strains/medium/88,https://mediadive.dsmz.de/pdf/88,22.02.22,"['88', 'a', 'b', 'c', '291']","['""SULFOLOBUS MEDIUM""', '""SULFOLOBUS MEDIUM (ANAEROBIC)""', '""V24N MEDIUM""', '""ZESTOSPHAERA MEDIUM""', '""PYROBACULUM NEUTROPHILUM MEDIUM""']",17,"[['pH', '4 - 6', '2                                        strains'], ['pH', '8 - 10', '2                                        strains'], ['pH', '6 - 8', '1                                        strain'], ['pH', '10 - 12', '1                                        strain'], ['phyla', '4', '18                                        strains'], ['oxygen', 'aerobe', '2                                        strains'], ['oxygen', 'anaerobe', '1                                        strain'], ['temperature', 'thermophilic', '18                                        strains'], ['Show moreShow less']]"
88a,DSMZ,SULFOLOBUS MEDIUM (ANAEROBIC),https://mediadive.dsmz.de/medium/88a,complex,yes,4.0,4.0,4.0,['Archaea'],4,https://mediadive.dsmz.de/strains/medium/88a,https://mediadive.dsmz.de/pdf/88a,22.02.22,"['88', 'a', 'b', 'c', '291']","['""SULFOLOBUS MEDIUM""', '""SULFOLOBUS MEDIUM (ANAEROBIC)""', '""V24N MEDIUM""', '""ZESTOSPHAERA MEDIUM""', '""PYROBACULUM NEUTROPHILUM MEDIUM""']",2,"[['pH', '4 - 6', '1                                        strain'], ['phyla', '1', '4                                        strains'], ['oxygen', 'anaerobe', '4                                        strains'], ['oxygen', 'obligate anaerobe', '1                                        strain'], ['temperature', 'hyperthermophilic', '4                                        strains']]"
88b,DSMZ,V24N MEDIUM,https://mediadive.dsmz.de/medium/88b,complex,yes,6.0,6.0,6.0,['Archaea'],1,https://mediadive.dsmz.de/strains/medium/88b,https://mediadive.dsmz.de/pdf/88b,22.02.22,"['88', 'a', 'b', 'c', '291']","['""SULFOLOBUS MEDIUM""', '""SULFOLOBUS MEDIUM (ANAEROBIC)""', '""V24N MEDIUM""', '""ZESTOSPHAERA MEDIUM""', '""PYROBACULUM NEUTROPHILUM MEDIUM""']",,"[['phyla', '1', '1                                        strain'], ['oxygen', 'anaerobe', '1                                        strain'], ['temperature', 'hyperthermophilic', '1                                        strain']]"
88c,DSMZ,ZESTOSPHAERA MEDIUM,https://mediadive.dsmz.de/medium/88c,complex,yes,6.0,6.0,6.0,['Archaea'],1,https://mediadive.dsmz.de/strains/medium/88c,https://mediadive.dsmz.de/pdf/88c,22.02.22,"['88', 'a', 'b', 'c', '291']","['""SULFOLOBUS MEDIUM""', '""SULFOLOBUS MEDIUM (ANAEROBIC)""', '""V24N MEDIUM""', '""ZESTOSPHAERA MEDIUM""', '""PYROBACULUM NEUTROPHILUM MEDIUM""']",,"[['phyla', '1', '1                                        strain'], ['oxygen', 'anaerobe', '1                                        strain'], ['temperature', 'hyperthermophilic', '1                                        strain']]"
90,DSMZ,MALT EXTRACT PEPTONE AGAR,https://mediadive.dsmz.de/medium/90,complex,yes,5.6,5.6,5.6,"['Fungi', 'Yeast']",1049,https://mediadive.dsmz.de/strains/medium/90,https://mediadive.dsmz.de/pdf/90,28.03.22,[],[],1,"[['pH', '4 - 6', '1                                        strain'], ['pH', '6 - 8', '1                                        strain'], ['pH', '10 - 12', '1                                        strain'], ['phyla', '2', '2                                        strains'], ['nutrition', 'chemoorganotroph', '1                                        strain'], ['oxygen', 'aerobe', '1                                        strain'], ['oxygen', 'facultative anaerobe', '1                                        strain'], ['oxygen', 'obligate aerobe', '1                                        strain'], ['temperature', 'mesophilic', '2                                        strains'], ['Show moreShow less']]"
91,DSMZ,PROPIONIBACTERIUM AGAR,https://mediadive.dsmz.de/medium/91,complex,yes,7.0 - 7.2,7.0,7.2,['Bacteria'],11,https://mediadive.dsmz.de/strains/medium/91,https://mediadive.dsmz.de/pdf/91,22.02.22,[],[],1,"[['phyla', '1', '11                                        strains'], ['oxygen', 'anaerobe', '10                                        strains'], ['oxygen', 'facultative anaerobe', '5                                        strains'], ['oxygen', 'microaerophile', '4                                        strains'], ['oxygen', 'aerobe', '1                                        strain'], ['oxygen', 'obligate anaerobe', '1                                        strain'], ['temperature', 'mesophilic', '11                                        strains'], ['Show moreShow less']]"
92,DSMZ,TRYPTICASE SOY YEAST EXTRACT MEDIUM,https://mediadive.dsmz.de/medium/92,complex,yes,7.0 - 7.2,7.0,7.2,"['Bacteria', 'Phages']",2801,https://mediadive.dsmz.de/strains/medium/92,https://mediadive.dsmz.de/pdf/92,22.02.22,"['92', 'a']","['""TRYPTICASE SOY YEAST EXTRACT MEDIUM""', '""MODIFIED MEDIUM 92""']",71,"[['pH', '6 - 8', '205                                        strains'], ['pH', '8 - 10', '128                                        strains'], ['pH', '4 - 6', '98                                        strains'], ['pH', '10 - 12', '46                                        strains'], ['pH', '12 - 14', '9                                        strains'], ['pH', '2 - 4', '2                                        strains'], ['phyla', '8', '2468                                        strains'], ['nutrition', 'chemoorganotroph', '3                                        strains'], ['nutrition', 'heterotroph', '1                                        strain'], ['nutrition', 'chemoorganoheterotroph', '1                                        strain'], ['oxygen', 'aerobe', '475                                        strains'], ['oxygen', 'facultative anaerobe', '356                                        strains'], ['oxygen', 'microaerophile', '286                                        strains'], ['oxygen', 'obligate aerobe', '235                                        strains'], ['oxygen', 'anaerobe', '27                                        strains'], ['oxygen', 'facultative aerobe', '5                                        strains'], ['oxygen', 'obligate anaerobe', '2                                        strains'], ['temperature', 'mesophilic', '2407                                        strains'], ['temperature', 'psychrophilic', '76                                        strains'], ['temperature', 'thermophilic', '24                                        strains'], ['Show moreShow less']]"
92a,DSMZ,MODIFIED MEDIUM 92,https://mediadive.dsmz.de/medium/92a,complex,yes,,,,['Bacteria'],1,https://mediadive.dsmz.de/strains/medium/92a,https://mediadive.dsmz.de/pdf/92a,11.02.22,"['92', 'a']","['""TRYPTICASE SOY YEAST EXTRACT MEDIUM""', '""MODIFIED MEDIUM 92""']",1,"[['phyla', '1', '1                                        strain'], ['oxygen', 'aerobe', '1                                        strain'], ['oxygen', 'facultative anaerobe', '1                                        strain'], ['oxygen', 'microaerophile', '1                                        strain'], ['temperature', 'mesophilic', '1                                        strain']]"
93,DSMZ,LACTOBACILLUS MEDIUM II,https://mediadive.dsmz.de/medium/93,complex,yes,5.2,5.2,5.2,['Bacteria'],6,https://mediadive.dsmz.de/strains/medium/93,https://mediadive.dsmz.de/pdf/93,22.02.22,[],[],1,"[['phyla', '1', '7                                        strains'], ['oxygen', 'anaerobe', '2                                        strains'], ['oxygen', 'microaerophile', '2                                        strains'], ['oxygen', 'facultative anaerobe', '1                                        strain'], ['temperature', 'mesophilic', '7                                        strains']]"
95,DSMZ,DESULFUROMONAS ACETOXIDANS MEDIUM,https://mediadive.dsmz.de/medium/95,complex,yes,7.2,7.2,7.2,['Bacteria'],3,https://mediadive.dsmz.de/strains/medium/95,https://mediadive.dsmz.de/pdf/95,05.10.22,[],[],,"[['phyla', '1', '3                                        strains'], ['oxygen', 'anaerobe', '3                                        strains'], ['temperature', 'mesophilic', '3                                        strains']]"
97,DSMZ,HALOBACTERIUM MEDIUM,https://mediadive.dsmz.de/medium/97,complex,yes,7.4,7.4,7.4,['Archaea'],19,https://mediadive.dsmz.de/strains/medium/97,https://mediadive.dsmz.de/pdf/97,22.02.22,[],[],,"[['phyla', '1', '19                                        strains'], ['oxygen', 'aerobe', '1                                        strain'], ['temperature', 'mesophilic', '19                                        strains']]"
98,DSMZ,RHIZOBIUM MEDIUM,https://mediadive.dsmz.de/medium/98,complex,yes,7.0,7.0,7.0,['Bacteria'],150,https://mediadive.dsmz.de/strains/medium/98,https://mediadive.dsmz.de/pdf/98,22.02.22,[],[],3,"[['pH', '6 - 8', '16                                        strains'], ['pH', '4 - 6', '12                                        strains'], ['pH', '8 - 10', '10                                        strains'], ['pH', '10 - 12', '5                                        strains'], ['phyla', '1', '158                                        strains'], ['oxygen', 'aerobe', '22                                        strains'], ['oxygen', 'obligate aerobe', '2                                        strains'], ['oxygen', 'facultative anaerobe', '1                                        strain'], ['temperature', 'mesophilic', '151                                        strains'], ['temperature', 'psychrophilic', '3                                        strains'], ['temperature', 'thermophilic', '1                                        strain'], ['Show moreShow less']]"
101,DSMZ,NUTRIENT AGAR or BROTH WITH NaCl,https://mediadive.dsmz.de/medium/101,complex,yes,,,,['Bacteria'],7,https://mediadive.dsmz.de/strains/medium/101,https://mediadive.dsmz.de/pdf/101,10.11.21,[],[],3,"[['phyla', '2', '7                                        strains'], ['oxygen', 'aerobe', '2                                        strains'], ['oxygen', 'facultative anaerobe', '1                                        strain'], ['oxygen', 'obligate aerobe', '1                                        strain'], ['temperature', 'mesophilic', '6                                        strains'], ['temperature', 'psychrophilic', '1                                        strain'], ['Show moreShow less']]"
102,DSMZ,FLAVOBACTERIUM AQUATILE MEDIUM,https://mediadive.dsmz.de/medium/102,complex,yes,7.4,7.4,7.4,[],,,https://mediadive.dsmz.de/pdf/102,22.02.22,[],[],,[]
104,DSMZ,PYG MEDIUM (modified),https://mediadive.dsmz.de/medium/104,complex,yes,7.2,7.2,7.2,['Bacteria'],475,https://mediadive.dsmz.de/strains/medium/104,https://mediadive.dsmz.de/pdf/104,22.02.22,"['104', 'a', 'b', 'c', 'd', '228']","['""PYG MEDIUM (modified)""', '""ANAEROBACULUM MEDIUM""', '""PY + X MEDIUM""', '""PY + X MEDIUM (N2/CO2)""', '""MALEDIVIBACTER MEDIUM""', '""PEPTOCOCCUS GLYCINOPHILUS MEDIUM""']",101,"[['halophily', 'non-halophilic', '1                                        strain'], ['pH', '6 - 8', '33                                        strains'], ['pH', '4 - 6', '14                                        strains'], ['pH', '8 - 10', '13                                        strains'], ['phyla', '12', '472                                        strains'], ['nutrition', 'chemoorganoheterotroph', '1                                        strain'], ['nutrition', 'chemoorganotroph', '1                                        strain'], ['oxygen', 'anaerobe', '368                                        strains'], ['oxygen', 'facultative anaerobe', '46                                        strains'], ['oxygen', 'microaerophile', '41                                        strains'], ['oxygen', 'obligate anaerobe', '24                                        strains'], ['oxygen', 'aerotolerant', '3                                        strains'], ['oxygen', 'aerobe', '3                                        strains'], ['oxygen', 'obligate aerobe', '1                                        strain'], ['oxygen', '', '1                                        strain'], ['temperature', 'mesophilic', '460                                        strains'], ['temperature', 'thermophilic', '10                                        strains'], ['temperature', 'psychrophilic', '1                                        strain'], ['Show moreShow less']]"
104a,DSMZ,ANAEROBACULUM MEDIUM,https://mediadive.dsmz.de/medium/104a,complex,yes,7.0,7.0,7.0,['Bacteria'],3,https://mediadive.dsmz.de/strains/medium/104a,https://mediadive.dsmz.de/pdf/104a,22.02.22,"['104', 'a', 'b', 'c', 'd', '228']","['""PYG MEDIUM (modified)""', '""ANAEROBACULUM MEDIUM""', '""PY + X MEDIUM""', '""PY + X MEDIUM (N2/CO2)""', '""MALEDIVIBACTER MEDIUM""', '""PEPTOCOCCUS GLYCINOPHILUS MEDIUM""']",,"[['pH', '6 - 8', '2                                        strains'], ['pH', '8 - 10', '2                                        strains'], ['pH', '4 - 6', '1                                        strain'], ['phyla', '2', '3                                        strains'], ['nutrition', 'chemoorganotroph', '2                                        strains'], ['oxygen', 'anaerobe', '3                                        strains'], ['oxygen', 'obligate anaerobe', '2                                        strains'], ['temperature', 'thermophilic', '2                                        strains'], ['temperature', 'mesophilic', '1                                        strain'], ['Show moreShow less']]"
104b,DSMZ,PY + X MEDIUM,https://mediadive.dsmz.de/medium/104b,complex,yes,6.8 - 7.0,6.8,7.0,['Bacteria'],128,https://mediadive.dsmz.de/strains/medium/104b,https://mediadive.dsmz.de/pdf/104b,22.02.22,"['104', 'a', 'b', 'c', 'd', '228']","['""PYG MEDIUM (modified)""', '""ANAEROBACULUM MEDIUM""', '""PY + X MEDIUM""', '""PY + X MEDIUM (N2/CO2)""', '""MALEDIVIBACTER MEDIUM""', '""PEPTOCOCCUS GLYCINOPHILUS MEDIUM""']",22,"[['pH', '6 - 8', '25                                        strains'], ['pH', '4 - 6', '20                                        strains'], ['pH', '8 - 10', '17                                        strains'], ['pH', '2 - 4', '1                                        strain'], ['phyla', '4', '127                                        strains'], ['nutrition', 'chemoorganotroph', '4                                        strains'], ['oxygen', 'anaerobe', '109                                        strains'], ['oxygen', 'obligate anaerobe', '5                                        strains'], ['oxygen', 'facultative anaerobe', '2                                        strains'], ['temperature', 'mesophilic', '97                                        strains'], ['temperature', 'thermophilic', '28                                        strains'], ['temperature', 'psychrophilic', '3                                        strains'], ['temperature', 'hyperthermophilic', '1                                        strain'], ['Show moreShow less']]"
104c,DSMZ,PY + X MEDIUM (N2/CO2),https://mediadive.dsmz.de/medium/104c,complex,yes,7.0,7.0,7.0,['Bacteria'],97,https://mediadive.dsmz.de/strains/medium/104c,https://mediadive.dsmz.de/pdf/104c,22.02.22,"['104', 'a', 'b', 'c', 'd', '228']","['""PYG MEDIUM (modified)""', '""ANAEROBACULUM MEDIUM""', '""PY + X MEDIUM""', '""PY + X MEDIUM (N2/CO2)""', '""MALEDIVIBACTER MEDIUM""', '""PEPTOCOCCUS GLYCINOPHILUS MEDIUM""']",15,"[['halophily', 'non-halophilic', '1                                        strain'], ['pH', '6 - 8', '11                                        strains'], ['pH', '8 - 10', '6                                        strains'], ['pH', '4 - 6', '5                                        strains'], ['phyla', '4', '82                                        strains'], ['nutrition', 'chemoorganotroph', '1                                        strain'], ['oxygen', 'anaerobe', '63                                        strains'], ['oxygen', 'obligate anaerobe', '3                                        strains'], ['oxygen', 'facultative anaerobe', '1                                        strain'], ['temperature', 'mesophilic', '72                                        strains'], ['temperature', 'thermophilic', '7                                        strains'], ['temperature', 'psychrophilic', '2                                        strains'], ['temperature', 'hyperthermophilic', '1                                        strain'], ['Show moreShow less']]"
104d,DSMZ,MALEDIVIBACTER MEDIUM,https://mediadive.dsmz.de/medium/104d,complex,yes,7.3 - 7.5,7.3,7.5,['Bacteria'],1,https://mediadive.dsmz.de/strains/medium/104d,https://mediadive.dsmz.de/pdf/104d,16.04.24,"['104', 'a', 'b', 'c', 'd', '228']","['""PYG MEDIUM (modified)""', '""ANAEROBACULUM MEDIUM""', '""PY + X MEDIUM""', '""PY + X MEDIUM (N2/CO2)""', '""MALEDIVIBACTER MEDIUM""', '""PEPTOCOCCUS GLYCINOPHILUS MEDIUM""']",,"[['phyla', '1', '1                                        strain'], ['nutrition', 'chemoorganotroph', '1                                        strain'], ['oxygen', 'anaerobe', '1                                        strain'], ['temperature', 'mesophilic', '1                                        strain']]"
105,DSMZ,GLUCONOBACTER OXYDANS MEDIUM,https://mediadive.dsmz.de/medium/105,complex,yes,6.8,6.8,6.8,['Bacteria'],40,https://mediadive.dsmz.de/strains/medium/105,https://mediadive.dsmz.de/pdf/105,22.02.22,[],[],3,"[['pH', '2 - 4', '2                                        strains'], ['phyla', '1', '40                                        strains'], ['oxygen', 'obligate aerobe', '9                                        strains'], ['oxygen', 'aerobe', '3                                        strains'], ['temperature', 'mesophilic', '40                                        strains']]"
108,DSMZ,ACIDIPHILIUM ACIDOPHILUM MEDIUM,https://mediadive.dsmz.de/medium/108,defined,no,4.5,4.5,4.5,['Bacteria'],1,https://mediadive.dsmz.de/strains/medium/108,https://mediadive.dsmz.de/pdf/108,22.02.22,[],[],,"[['phyla', '1', '1                                        strain'], ['temperature', 'mesophilic', '1                                        strain']]"
109,DSMZ,RHODOPSEUDOMONAS SULFOVIRIDIS MEDIUM,https://mediadive.dsmz.de/medium/109,complex,yes,6.8,6.8,6.8,['Bacteria'],2,https://mediadive.dsmz.de/strains/medium/109,https://mediadive.dsmz.de/pdf/109,22.02.22,"['26', '27', '109', 'P7']","['""ACID RHODOSPIRILLACEAE MEDIUM""', '""RHODOSPIRILLACEAE MEDIUM (modified)""', '""RHODOPSEUDOMONAS SULFOVIRIDIS MEDIUM""', '""N27 RHODOSPIRILLACEAE MEDIUM (modified)""']",,"[['phyla', '1', '2                                        strains'], ['oxygen', 'anaerobe', '2                                        strains'], ['temperature', 'mesophilic', '2                                        strains']]"
110,DSMZ,CHOPPED MEAT MEDIUM WITH CARBOHYDRATES,https://mediadive.dsmz.de/medium/110,complex,yes,7.0,7.0,7.0,['Bacteria'],244,https://mediadive.dsmz.de/strains/medium/110,https://mediadive.dsmz.de/pdf/110,22.02.22,"['110', 'a']","['""CHOPPED MEAT MEDIUM WITH CARBOHYDRATES""', '""CMC MEDIUM (N2/CO2)""']",37,"[['halophily', 'non-halophilic', '2                                        strains'], ['pH', '6 - 8', '12                                        strains'], ['pH', '8 - 10', '6                                        strains'], ['pH', '4 - 6', '6                                        strains'], ['phyla', '10', '244                                        strains'], ['oxygen', 'anaerobe', '213                                        strains'], ['oxygen', 'obligate anaerobe', '10                                        strains'], ['oxygen', 'facultative anaerobe', '4                                        strains'], ['oxygen', 'microaerophile', '1                                        strain'], ['oxygen', 'aerobe', '1                                        strain'], ['temperature', 'mesophilic', '235                                        strains'], ['temperature', 'psychrophilic', '5                                        strains'], ['temperature', 'thermophilic', '3                                        strains'], ['Show moreShow less']]"
110a,DSMZ,CMC MEDIUM (N2/CO2),https://mediadive.dsmz.de/medium/110a,complex,yes,7.0,7.0,7.0,['Bacteria'],48,https://mediadive.dsmz.de/strains/medium/110a,https://mediadive.dsmz.de/pdf/110a,27.03.23,"['110', 'a']","['""CHOPPED MEAT MEDIUM WITH CARBOHYDRATES""', '""CMC MEDIUM (N2/CO2)""']",,"[['pH', '6 - 8', '2                                        strains'], ['pH', '4 - 6', '1                                        strain'], ['phyla', '3', '48                                        strains'], ['oxygen', 'anaerobe', '27                                        strains'], ['temperature', 'mesophilic', '47                                        strains']]"
111,DSMZ,BEIJERINCKIA MEDIUM,https://mediadive.dsmz.de/medium/111,defined,no,6.5,6.5,6.5,['Bacteria'],13,https://mediadive.dsmz.de/strains/medium/111,https://mediadive.dsmz.de/pdf/111,22.02.22,[],[],,"[['phyla', '1', '13                                        strains'], ['temperature', 'mesophilic', '13                                        strains']]"
113,DSMZ,THIOBACILLUS DENITRIFICANS MEDIUM,https://mediadive.dsmz.de/medium/113,defined,no,7.0 - 7.2,7.0,7.2,['Bacteria'],5,https://mediadive.dsmz.de/strains/medium/113,https://mediadive.dsmz.de/pdf/113,09.04.24,"['113', 'a']","['""THIOBACILLUS DENITRIFICANS MEDIUM""', '""SULFURIMONAS HONGKONGENSIS MEDIUM""']",,"[['pH', '6 - 8', '1                                        strain'], ['pH', '8 - 10', '1                                        strain'], ['phyla', '1', '5                                        strains'], ['oxygen', 'facultative anaerobe', '3                                        strains'], ['oxygen', 'anaerobe', '2                                        strains'], ['temperature', 'mesophilic', '4                                        strains'], ['temperature', 'psychrophilic', '1                                        strain'], ['Show moreShow less']]"
113a,DSMZ,SULFURIMONAS HONGKONGENSIS MEDIUM,https://mediadive.dsmz.de/medium/113a,defined,no,7.0 - 7.2,7.0,7.2,['Bacteria'],1,https://mediadive.dsmz.de/strains/medium/113a,https://mediadive.dsmz.de/pdf/113a,09.04.24,"['113', 'a']","['""THIOBACILLUS DENITRIFICANS MEDIUM""', '""SULFURIMONAS HONGKONGENSIS MEDIUM""']",,"[['phyla', '1', '1                                        strain'], ['oxygen', 'anaerobe', '1                                        strain'], ['temperature', 'mesophilic', '1                                        strain']]"
114,DSMZ,PARACOCCUS HALODENITRIFICANS MEDIUM,https://mediadive.dsmz.de/medium/114,complex,yes,7.0,7.0,7.0,['Bacteria'],1,https://mediadive.dsmz.de/strains/medium/114,https://mediadive.dsmz.de/pdf/114,22.02.22,"['1', 'a', '2', '114', '115', 'a', '118', '238', '241', '258', '302', '306', '362', '366']","['""NUTRIENT AGAR""', '""REACTIVATION WITH LIQUID MEDIUM 1""', '""BACILLUS PASTEURII MEDIUM""', '""PARACOCCUS HALODENITRIFICANS MEDIUM""', '""VIBRIO NATRIEGENS MEDIUM""', '""REACTIVATION WITH LIQUID MEDIUM 115""', '""DAP-NUTRIENT AGAR""', '""STREPTOMYCIN NUTRIENT AGAR""', '""GLUTAMINE MEDIUM""', '""NUTRIENT STARCH AGAR""', '""NUTRIENT BROTH WITH 10% HORSE SERUM""', '""NY-AGAR""', '""FLAVOBACTERIUM TIRRENICUM MEDIUM""', '""NAG MEDIUM""']",,"[['phyla', '1', '1                                        strain'], ['temperature', 'mesophilic', '1                                        strain']]"
115,DSMZ,VIBRIO NATRIEGENS MEDIUM,https://mediadive.dsmz.de/medium/115,complex,yes,7.0,7.0,7.0,['Bacteria'],19,https://mediadive.dsmz.de/strains/medium/115,https://mediadive.dsmz.de/pdf/115,22.02.22,"['1', 'a', '2', '114', '115', 'a', '118', '238', '241', '258', '302', '306', '362', '366']","['""NUTRIENT AGAR""', '""REACTIVATION WITH LIQUID MEDIUM 1""', '""BACILLUS PASTEURII MEDIUM""', '""PARACOCCUS HALODENITRIFICANS MEDIUM""', '""VIBRIO NATRIEGENS MEDIUM""', '""REACTIVATION WITH LIQUID MEDIUM 115""', '""DAP-NUTRIENT AGAR""', '""STREPTOMYCIN NUTRIENT AGAR""', '""GLUTAMINE MEDIUM""', '""NUTRIENT STARCH AGAR""', '""NUTRIENT BROTH WITH 10% HORSE SERUM""', '""NY-AGAR""', '""FLAVOBACTERIUM TIRRENICUM MEDIUM""', '""NAG MEDIUM""']",2,"[['phyla', '1', '19                                        strains'], ['oxygen', 'aerobe', '1                                        strain'], ['oxygen', 'microaerophile', '1                                        strain'], ['oxygen', 'obligate aerobe', '1                                        strain'], ['temperature', 'mesophilic', '17                                        strains'], ['temperature', 'psychrophilic', '2                                        strains'], ['Show moreShow less']]"
115a,DSMZ,REACTIVATION WITH LIQUID MEDIUM 115,https://mediadive.dsmz.de/medium/115a,complex,yes,,,,['Bacteria'],2,https://mediadive.dsmz.de/strains/medium/115a,https://mediadive.dsmz.de/pdf/115a,14.02.22,"['1', 'a', '2', '114', '115', 'a', '118', '238', '241', '258', '302', '306', '362', '366']","['""NUTRIENT AGAR""', '""REACTIVATION WITH LIQUID MEDIUM 1""', '""BACILLUS PASTEURII MEDIUM""', '""PARACOCCUS HALODENITRIFICANS MEDIUM""', '""VIBRIO NATRIEGENS MEDIUM""', '""REACTIVATION WITH LIQUID MEDIUM 115""', '""DAP-NUTRIENT AGAR""', '""STREPTOMYCIN NUTRIENT AGAR""', '""GLUTAMINE MEDIUM""', '""NUTRIENT STARCH AGAR""', '""NUTRIENT BROTH WITH 10% HORSE SERUM""', '""NY-AGAR""', '""FLAVOBACTERIUM TIRRENICUM MEDIUM""', '""NAG MEDIUM""']",,"[['phyla', '1', '2                                        strains'], ['oxygen', 'aerobe', '1                                        strain'], ['oxygen', 'facultative anaerobe', '1                                        strain'], ['temperature', 'mesophilic', '1                                        strain'], ['temperature', 'psychrophilic', '1                                        strain']]"
118,DSMZ,DAP-NUTRIENT AGAR,https://mediadive.dsmz.de/medium/118,complex,yes,7.0,7.0,7.0,['Bacteria'],1,https://mediadive.dsmz.de/strains/medium/118,https://mediadive.dsmz.de/pdf/118,22.02.22,"['1', 'a', '2', '114', '115', 'a', '118', '238', '241', '258', '302', '306', '362', '366']","['""NUTRIENT AGAR""', '""REACTIVATION WITH LIQUID MEDIUM 1""', '""BACILLUS PASTEURII MEDIUM""', '""PARACOCCUS HALODENITRIFICANS MEDIUM""', '""VIBRIO NATRIEGENS MEDIUM""', '""REACTIVATION WITH LIQUID MEDIUM 115""', '""DAP-NUTRIENT AGAR""', '""STREPTOMYCIN NUTRIENT AGAR""', '""GLUTAMINE MEDIUM""', '""NUTRIENT STARCH AGAR""', '""NUTRIENT BROTH WITH 10% HORSE SERUM""', '""NY-AGAR""', '""FLAVOBACTERIUM TIRRENICUM MEDIUM""', '""NAG MEDIUM""']",,"[['phyla', '1', '1                                        strain'], ['temperature', 'mesophilic', '1                                        strain']]"
119,DSMZ,METHANOBACTERIUM MEDIUM,https://mediadive.dsmz.de/medium/119,complex,yes,6.8 - 7.0,6.8,7.0,"['Archaea', 'Bacteria']",80,https://mediadive.dsmz.de/strains/medium/119,https://mediadive.dsmz.de/pdf/119,15.09.22,"['119', 'a', 'b', 'c']","['""METHANOBACTERIUM MEDIUM""', '""METHANOBREVIBACTER MEDIUM""', '""METHANOMASSILIICOCCUS MEDIUM""', '""GUDONGELLA MEDIUM""']",20,"[['pH', '6 - 8', '3                                        strains'], ['pH', '4 - 6', '1                                        strain'], ['pH', '8 - 10', '1                                        strain'], ['phyla', '3', '82                                        strains'], ['oxygen', 'anaerobe', '77                                        strains'], ['temperature', 'mesophilic', '52                                        strains'], ['temperature', 'thermophilic', '25                                        strains'], ['temperature', 'hyperthermophilic', '1                                        strain'], ['Show moreShow less']]"
119a,DSMZ,METHANOBREVIBACTER MEDIUM,https://mediadive.dsmz.de/medium/119a,complex,yes,6.8 - 7.0,6.8,7.0,['Archaea'],1,https://mediadive.dsmz.de/strains/medium/119a,https://mediadive.dsmz.de/pdf/119a,27.10.22,"['119', 'a', 'b', 'c']","['""METHANOBACTERIUM MEDIUM""', '""METHANOBREVIBACTER MEDIUM""', '""METHANOMASSILIICOCCUS MEDIUM""', '""GUDONGELLA MEDIUM""']",,"[['phyla', '1', '1                                        strain'], ['oxygen', 'anaerobe', '1                                        strain'], ['temperature', 'mesophilic', '1                                        strain']]"
119b,DSMZ,METHANOMASSILIICOCCUS MEDIUM,https://mediadive.dsmz.de/medium/119b,complex,yes,7.6,7.6,7.6,['Archaea'],1,https://mediadive.dsmz.de/strains/medium/119b,https://mediadive.dsmz.de/pdf/119b,11.01.24,"['119', 'a', 'b', 'c']","['""METHANOBACTERIUM MEDIUM""', '""METHANOBREVIBACTER MEDIUM""', '""METHANOMASSILIICOCCUS MEDIUM""', '""GUDONGELLA MEDIUM""']",,"[['pH', '6 - 8', '1                                        strain'], ['phyla', '1', '1                                        strain'], ['oxygen', 'anaerobe', '1                                        strain'], ['temperature', 'mesophilic', '1                                        strain']]"
119c,DSMZ,GUDONGELLA MEDIUM,https://mediadive.dsmz.de/medium/119c,complex,yes,6.8 - 7.0,6.8,7.0,['Bacteria'],1,https://mediadive.dsmz.de/strains/medium/119c,https://mediadive.dsmz.de/pdf/119c,22.02.22,"['119', 'a', 'b', 'c']","['""METHANOBACTERIUM MEDIUM""', '""METHANOBREVIBACTER MEDIUM""', '""METHANOMASSILIICOCCUS MEDIUM""', '""GUDONGELLA MEDIUM""']",,"[['phyla', '1', '1                                        strain'], ['oxygen', 'anaerobe', '1                                        strain'], ['temperature', 'mesophilic', '1                                        strain']]"
120,DSMZ,METHANOSARCINA MEDIUM,https://mediadive.dsmz.de/medium/120,complex,yes,6.8 - 7.0,6.8,7.0,['Archaea'],25,https://mediadive.dsmz.de/strains/medium/120,https://mediadive.dsmz.de/pdf/120,01.12.22,"['120', 'a', 'b', 'c', 'd']","['""METHANOSARCINA MEDIUM""', '""METHANOSARCINA BARKERI MEDIUM""', '""METHANOMICROCOCCUS MEDIUM""', '""METHANOSARCINA MAZEI (GOE1) MEDIUM""', '""METHANOSARCINA MARINE MEDIUM""']",7,"[['halophily', 'non-halophilic', '1                                        strain'], ['pH', '6 - 8', '1                                        strain'], ['pH', '4 - 6', '1                                        strain'], ['pH', '8 - 10', '1                                        strain'], ['phyla', '1', '24                                        strains'], ['nutrition', 'autotroph', '1                                        strain'], ['oxygen', 'anaerobe', '23                                        strains'], ['oxygen', 'obligate anaerobe', '1                                        strain'], ['temperature', 'mesophilic', '14                                        strains'], ['temperature', 'thermophilic', '10                                        strains'], ['Show moreShow less']]"
